[
  {
    "hero": "kerillian",
    "career": "waystalker",
    "melee": "greatsword",
    "meleeProps": ["block cost reduction", " crit chance", " swift slaying"],
    "range": "longbow",
    "rangeProps": ["skaven", " infantry", " conservative shooter"],
    "talents": "2-3-2-1-3-3",
    "image": "waystalker.webp",
    "charm": ["atk speed", " chaos"]
  },
  {
    "hero": "kerillian",
    "career": "waystalker",
    "melee": "sword and dagger",
    "meleeProps": ["block cost reduction", " crit chance", " swift slaying"],
    "range": "longbow",
    "rangeProps": ["skaven", " infantry", " conservative shooter"],
    "talents": "2-2-3-2-3-3",
    "image": "waystalker.webp",
    "charm": ["skaven", " chaos"]
  },
  {
    "hero": "kerillian",
    "career": "waystalker",
    "melee": "dual dagger",
    "meleeProps": ["block cost reduction", " stamina", " parry"],
    "range": "hagbane",
    "rangeProps": ["skaven", " infantry", " barrage"],
    "talents": "1-3-2-2-3-3",
    "image": "waystalker.webp",
    "charm": ["infantry", " chaos"]
  },
  {
    "hero": "kerillian",
    "career": "waystalker",
    "melee": "sword",
    "meleeProps": ["stamina", " crit chance", " swift slaying"],
    "range": "javelin",
    "rangeProps": ["skaven", " armored", " conservative shooter"],
    "talents": "2-2-3-1-3-2",
    "image": "waystalker.webp",
    "charm": ["atk speed", " skaven"]
  },
  {
    "hero": "kerillian",
    "career": "handmaiden",
    "melee": "elven axe",
    "meleeProps": ["stamina", " crit chance", " swift slaying"],
    "range": "moonbow",
    "rangeProps": ["skaven", " crit chance", " hunter"],
    "talents": "1-3-1-3-2-3",
    "image": "handmaiden.webp",
    "charm": ["infantry", " skaven"]
  },
  {
    "hero": "kerillian",
    "career": "handmaiden",
    "melee": "glaive",
    "meleeProps": ["stamina", " crit chance", " swift slaying"],
    "range": "longbow",
    "rangeProps": ["skaven", " infantry", " conservative shooter"],
    "talents": "1-3-1-1-3-3",
    "image": "handmaiden.webp",
    "charm": ["atk speed", " chaos"]
  },
  {
    "hero": "kerillian",
    "career": "handmaiden",
    "melee": "dual sword",
    "meleeProps": ["block cost reduction", " crit chance", " swift slaying"],
    "range": "javelin",
    "rangeProps": ["skaven", " armored", " conservative shooter"],
    "talents": "1-1-3-3-3-2",
    "image": "handmaiden.webp",
    "charm": ["atk speed", " infantry"]
  },
  {
    "hero": "kerillian",
    "career": "handmaiden",
    "melee": "spear",
    "meleeProps": ["stamina", " crit chance", " swift slaying"],
    "range": "moonbow",
    "rangeProps": ["skaven", "infantry", " scrounger"],
    "talents": "1-3-1-1-2-3",
    "image": "handmaiden.webp",
    "charm": ["atk speed", " chaos"]
  },
  {
    "hero": "kerillian",
    "career": "shade",
    "melee": "dual daggers",
    "meleeProps": ["block cost reduction", " stamina", " parry"],
    "range": "moonbow",
    "rangeProps": ["skaven", " infantry", " hunter"],
    "talents": "1-1-1-1-1-1",
    "image": "shade.webp",
    "charm": ["infantry", " chaos"]
  },
  {
    "hero": "kerillian",
    "career": "shade",
    "melee": "sword and dagger",
    "meleeProps": ["block cost reduction", " crit chance", " swift slaying"],
    "range": "longbow",
    "rangeProps": ["skaven", " infantry", " conservative shooter"],
    "talents": "1-3-2-3-1-3",
    "image": "shade.webp",
    "charm": ["atk speed", " chaos"]
  },
  {
    "hero": "kerillian",
    "career": "shade",
    "melee": "spear",
    "meleeProps": ["crit chance", " stamina", " swift slaying"],
    "range": "javelin",
    "rangeProps": ["skaven", " infantry", " conservative shooter"],
    "talents": "1-3-2-1-1-3",
    "image": "shade.webp",
    "charm": ["atk speed", " chaos"]
  },
  {
    "hero": "kerillian",
    "career": "shade",
    "melee": "elven axe",
    "meleeProps": ["crit chance", " block cost reduction", " swift slaying"],
    "range": "swift bow",
    "rangeProps": ["skaven", " crit chance", " hunter"],
    "talents": "1-3-2-1-1-1",
    "image": "shade.webp",
    "charm": ["atk speed", " chaos"]
  },
  {
    "hero": "kerillian",
    "career": "sott",
    "melee": "dual daggers",
    "meleeProps": ["block cost reduction", " stamina", " parry"],
    "range": "deepwood staff",
    "rangeProps": ["skaven", " armored", " thermal equalizer"],
    "talents": "1-2-1-3-3-2",
    "image": "sott.webp",
    "charm": ["armored", " chaos"]
  },
  {
    "hero": "kerillian",
    "career": "sott",
    "melee": "sword and dagger",
    "meleeProps": ["block cost reduction", " crit chance", " swift slaying"],
    "range": "deepwood staff",
    "rangeProps": ["skaven", " armored", " thermal equalizer"],
    "talents": "1-2-1-3-1-2",
    "image": "sott.webp",
    "charm": ["atk speed", " chaos"]
  },
  {
    "hero": "kerillian",
    "career": "sott",
    "melee": "spear",
    "meleeProps": ["crit chance", " stamina", " swift slaying"],
    "range": "moonbow",
    "rangeProps": ["skaven", " infantry", " hunter"],
    "talents": "1-1-1-3-2-3",
    "image": "sott.webp",
    "charm": ["atk speed", " chaos"]
  },
  {
    "hero": "kerillian",
    "career": "sott",
    "melee": "glaive",
    "meleeProps": ["crit chance", " block cost reduction", " swift slaying"],
    "range": "longbow",
    "rangeProps": ["skaven", " infantry", " conservative shooter"],
    "talents": "1-1-1-3-3-3",
    "image": "sott.webp",
    "charm": ["atk speed", " chaos"]
  },
  {
    "hero": "kruber",
    "career": "mercenary",
    "melee": "halberd",
    "meleeProps": ["crit chance", " block cost reduction", " swift slaying"],
    "range": "blunderbuss",
    "rangeProps": ["chaos", " infantry", " conservative shooter"],
    "talents": "1-1-2-3-1-1",
    "image": "mercenary.webp",
    "charm": ["atk speed", " chaos"]
  },
  {
    "hero": "kruber",
    "career": "mercenary",
    "melee": "two handed hammer",
    "meleeProps": ["crit chance", " attack speed", " swift slaying"],
    "range": "handgun",
    "rangeProps": ["chaos", " infantry", " conservative shooter"],
    "talents": "1-1-2-3-2-1",
    "image": "mercenary.webp",
    "charm": ["atk speed", " chaos"]
  },
  {
    "hero": "kruber",
    "career": "mercenary",
    "melee": "bret longsword",
    "meleeProps": ["crit chance", " block cost reduction", " swift slaying"],
    "range": "handgun",
    "rangeProps": ["chaos", " infantry", " conservative shooter"],
    "talents": "1-2-2-1-1-2",
    "image": "mercenary.webp",
    "charm": ["atk speed", " chaos"]
  },
  {
    "hero": "kruber",
    "career": "mercenary",
    "melee": "greatsword",
    "meleeProps": ["crit chance", " block cost reduction", " swift slaying"],
    "range": "repeater handgun",
    "rangeProps": ["chaos", " infantry", " scrounger"],
    "talents": "1-1-2-3-1-1",
    "image": "mercenary.webp",
    "charm": ["atk speed", " chaos"]
  },
  {
    "hero": "kruber",
    "career": "huntsman",
    "melee": "mace",
    "meleeProps": ["stamina", " block cost reduction", " opportunist"],
    "range": "repeater handgun",
    "rangeProps": ["chaos", " infantry", " scrounger"],
    "talents": "1-1-3-1-1-1",
    "image": "huntsman.webp",
    "charm": ["infantry", " chaos"]
  },
  {
    "hero": "kruber",
    "career": "huntsman",
    "melee": "sword and shield",
    "meleeProps": ["crit chance", " block cost reduction", " swift slaying"],
    "range": "longbow",
    "rangeProps": ["armored", " skaven", " hunter"],
    "talents": "1-3-3-2-1-2",
    "image": "huntsman.webp",
    "charm": ["infantry", " chaos"]
  },
  {
    "hero": "kruber",
    "career": "huntsman",
    "melee": "bret sword",
    "meleeProps": ["crit chance", " block cost reduction", " swift slaying"],
    "range": "handgun",
    "rangeProps": ["chaos", " infantry", " conservative shooter"],
    "talents": "1-2-2-2-2-1",
    "image": "huntsman.webp",
    "charm": ["atk speed", " chaos"]
  },
  {
    "hero": "kruber",
    "career": "huntsman",
    "melee": "tuskgor spear",
    "meleeProps": ["crit chance", " block cost reduction", " swift slaying"],
    "range": "blunderbuss",
    "rangeProps": ["skaven", " crit chance", " scrounger"],
    "talents": "1-1-3-1-1-2",
    "image": "huntsman.webp",
    "charm": ["infantry", " chaos"]
  },
  {
    "hero": "kruber",
    "career": "foot knight",
    "melee": "halberd",
    "meleeProps": ["attack speed", " block cost reduction", " swift slaying"],
    "range": "handgun",
    "rangeProps": ["chaos", " infantry", " conservative shooter"],
    "talents": "2-3-3-3-1-3",
    "image": "fk.webp",
    "charm": ["atk speed", " chaos"]
  },
  {
    "hero": "kruber",
    "career": "foot knight",
    "melee": "bret sword",
    "meleeProps": ["crit chance", " block cost reduction", " swift slaying"],
    "range": "blunderbuss",
    "rangeProps": ["skaven", " crit chance", " hunter"],
    "talents": "2-3-3-3-1-3",
    "image": "fk.webp",
    "charm": ["atk speed", " chaos"]
  },
  {
    "hero": "kruber",
    "career": "foot knight",
    "melee": "two handed hammer",
    "meleeProps": ["attack speed", " crit chance", " swift slaying"],
    "range": "handgun",
    "rangeProps": ["chaos", " infantry", " conservative shooter"],
    "talents": "1-2-3-3-1-3",
    "image": "fk.webp",
    "charm": ["atk speed", " chaos"]
  },
  {
    "hero": "kruber",
    "career": "foot knight",
    "melee": "mace",
    "meleeProps": ["crit chance", " block cost reduction", " swift slaying"],
    "range": "repeater handgun",
    "rangeProps": ["chaos", " infantry", " conservative shooter"],
    "talents": "1-3-3-3-1-2",
    "image": "fk.webp",
    "charm": ["atk speed", " chaos"]
  },
  {
    "hero": "kruber",
    "career": "grail knight",
    "melee": "two handed hammer",
    "meleeProps": ["attack speed", " crit chance", " swift slaying"],
    "range": "mace and shield",
    "rangeProps": ["stamina", " block cost reduction", " opportunist"],
    "talents": "1-3-2-3-3-3",
    "image": "gk.webp",
    "charm": ["atk speed", " chaos"]
  },
  {
    "hero": "kruber",
    "career": "grail knight",
    "melee": "greatsword",
    "meleeProps": ["block cost reduction", " crit chance", " swift slaying"],
    "range": "mace",
    "rangeProps": ["stamina", " block cost reduction", " opportunist"],
    "talents": "1-2-2-3-1-1",
    "image": "gk.webp",
    "charm": ["atk speed", " chaos"]
  },
  {
    "hero": "kruber",
    "career": "grail knight",
    "melee": "executioner sword",
    "meleeProps": ["attack speed", " chaos", " swift slaying"],
    "range": "sword and shield",
    "rangeProps": ["stamina", " block cost reduction", " opportunist"],
    "talents": "1-1-2-3-1-1",
    "image": "gk.webp",
    "charm": ["atk speed", " chaos"]
  },
  {
    "hero": "sienna",
    "career": "battle wizard",
    "melee": "dagger",
    "meleeProps": ["stamina", " block cost reduction", " parry"],
    "range": "bolt staff",
    "rangeProps": ["chaos", " infantry", " thermal EQ"],
    "talents": "1-1-3-2-1-1",
    "image": "bw.webp",
    "charm": ["infantry", " chaos"]
  },
  {
    "hero": "sienna",
    "career": "battle wizard",
    "melee": "fire sword",
    "meleeProps": ["crit chance", " block cost reduction", " swift slaying"],
    "range": "flamestorm staff",
    "rangeProps": ["skaven", " armored", " barrage"],
    "talents": "1-3-3-1-2-2",
    "image": "bw.webp",
    "charm": ["armored", " skaven"]
  },
  {
    "hero": "sienna",
    "career": "battle wizard",
    "melee": "fire sword",
    "meleeProps": ["crit chance", " block cost reduction", " swift slaying"],
    "range": "coruscation staff",
    "rangeProps": ["chaos", " infantry", " thermal EQ"],
    "talents": "1-2-3-1-2-3",
    "image": "bw.webp",
    "charm": ["chaos", " infantry"]
  },
  {
    "hero": "sienna",
    "career": "battle wizard",
    "melee": "crowbill",
    "meleeProps": ["crit chance", " stamina", " swift slaying"],
    "range": "bolt staff",
    "rangeProps": ["chaos", " infantry", " thermal EQ"],
    "talents": "2-1-2-2-3-3",
    "image": "bw.webp",
    "charm": ["infantry", " atk speed"]
  },
  {
    "hero": "sienna",
    "career": "pyromancer",
    "melee": "sword",
    "meleeProps": ["crit chance", " block cost reduction", " swift slaying"],
    "range": "beam staff",
    "rangeProps": ["chaos", " infantry", " hunter"],
    "talents": "1-1-1-1-1-1",
    "image": "pyromancer.webp",
    "charm": ["infantry", " chaos"]
  },
  {
    "hero": "sienna",
    "career": "pyromancer",
    "melee": "ensorcelled reaper",
    "meleeProps": ["block cost reduction", " attack speed", " swift slaying"],
    "range": "conflagration staff",
    "rangeProps": ["chaos", " infantry", " hunter"],
    "talents": "1-3-1-3-3-2",
    "image": "pyromancer.webp",
    "charm": ["atk speed", " chaos"]
  },
  {
    "hero": "sienna",
    "career": "pyromancer",
    "melee": "sword",
    "meleeProps": ["crit chance", " block cost reduction", " swift slaying"],
    "range": "coruscation staff",
    "rangeProps": ["chaos", " crit chance", " heat sink"],
    "talents": "1-3-1-1-1-1",
    "image": "pyromancer.webp",
    "charm": ["infantry", " chaos"]
  },
  {
    "hero": "sienna",
    "career": "pyromancer",
    "melee": "mace",
    "meleeProps": ["block cost reduction", " crit chance", " swift slaying"],
    "range": "fireball staff",
    "rangeProps": ["chaos", " infantry", " barrage"],
    "talents": "1-3-1-3-3-2",
    "image": "pyromancer.webp",
    "charm": ["atk speed", " chaos"]
  },
  {
    "hero": "sienna",
    "career": "unchained",
    "melee": "mace",
    "meleeProps": ["block cost reduction", " crit chance", " swift slaying"],
    "range": "coruscation staff",
    "rangeProps": ["skaven", " armored", " hunter"],
    "talents": "2-1-3-2-2-3",
    "image": "uc.webp",
    "charm": ["atk speed", " chaos"]
  },
  {
    "hero": "sienna",
    "career": "unchained",
    "melee": "scythe",
    "meleeProps": ["block cost reduction", " crit chance", " swift slaying"],
    "range": "beam staff",
    "rangeProps": ["infantry", " chaos", " hunter"],
    "talents": "1-1-3-2-2-3",
    "image": "uc.webp",
    "charm": ["atk speed", " chaos"]
  },
  {
    "hero": "sienna",
    "career": "unchained",
    "melee": "dagger",
    "meleeProps": ["block cost reduction", " crit chance", " swift slaying"],
    "range": "boltstaff",
    "rangeProps": ["infantry", " skaven", " thermal EQ"],
    "talents": "1-1-3-2-2-3",
    "image": "uc.webp",
    "charm": ["infantry", " chaos"]
  },
  {
    "hero": "sienna",
    "career": "unchained",
    "melee": "fire sword",
    "meleeProps": ["block cost reduction", " crit chance", " swift slaying"],
    "range": "flamestorm staff",
    "rangeProps": ["infantry", " chaos", " barrage"],
    "talents": "1-3-3-2-1-2",
    "image": "uc.webp",
    "charm": ["atk speed", " chaos"]
  },
  {
    "hero": "sienna",
    "career": "necromancer",
    "melee": "crowbill",
    "meleeProps": ["block cost reduction", " crit chance", " swift slaying"],
    "range": "coruscation staff",
    "rangeProps": ["infantry", " chaos", " thermal EQ"],
    "talents": "2-3-2-1-3-2",
    "image": "necromancer.webp",
    "charm": ["atk speed", " chaos"]
  },
  {
    "hero": "sienna",
    "career": "necromancer",
    "melee": "mace",
    "meleeProps": ["block cost reduction", " crit chance", " swift slaying"],
    "range": "bolt staff",
    "rangeProps": ["infantry", " skaven", " thermal EQ"],
    "talents": "1-1-2-1-3-3",
    "image": "necromancer.webp",
    "charm": ["infantry", " chaos"]
  },
  {
    "hero": "sienna",
    "career": "necromancer",
    "melee": "flail",
    "meleeProps": ["block cost reduction", " crit chance", " swift slaying"],
    "range": "soulstealer staff",
    "rangeProps": ["armored", " skaven", " thermal EQ"],
    "talents": "1-1-2-1-3-3",
    "image": "necromancer.webp",
    "charm": ["atk speed", " chaos"]
  },
  {
    "hero": "sienna",
    "career": "necromancer",
    "melee": "sword",
    "meleeProps": ["block cost reduction", " crit chance", " swift slaying"],
    "range": "beam staff",
    "rangeProps": ["chaos", " infantry", " hunter"],
    "talents": "1-3-2-1-3-2",
    "image": "necromancer.webp",
    "charm": ["atk speed", " chaos"]
  },
  {
    "hero": "bardin",
    "career": "ranger vet",
    "melee": "great axe",
    "meleeProps": ["block cost reduction", " crit chance", " swift slaying"],
    "range": "throwing axes",
    "rangeProps": ["skaven", " monster", " hunter"],
    "talents": "2-1-3-1-2-1",
    "image": "rv.webp",
    "charm": ["infantry", " chaos"]
  },
  {
    "hero": "bardin",
    "career": "ranger vet",
    "melee": "hammer",
    "meleeProps": ["block cost reduction", " skaven", " opportunist"],
    "range": "masterwork pistol",
    "rangeProps": ["skaven", " monster", " barrage"],
    "talents": "1-2-3-2-2-3",
    "image": "rv.webp",
    "charm": ["skaven", " armored"]
  },
  {
    "hero": "bardin",
    "career": "ranger vet",
    "melee": "war pick",
    "meleeProps": ["block cost reduction", " crit chance", " swift slaying"],
    "range": "grudge-raker",
    "rangeProps": ["infantry", " crit chance", " hunter"],
    "talents": "2-3-3-2-3-3",
    "image": "rv.webp",
    "charm": ["atk speed", " chaos"]
  },
  {
    "hero": "bardin",
    "career": "ranger vet",
    "melee": "great hammer",
    "meleeProps": ["block cost reduction", " crit chance", " swift slaying"],
    "range": "crossbow",
    "rangeProps": ["infantry", " skaven", " conservative shooter"],
    "talents": "1-3-3-3-3-3",
    "image": "rv.webp",
    "charm": ["atk speed", " chaos"]
  },
  {
    "hero": "bardin",
    "career": "iron breaker",
    "melee": "great hammer",
    "meleeProps": ["attack speed", " crit chance", " swift slaying"],
    "range": "handgun",
    "rangeProps": ["infantry", " chaos", " conservative shooter"],
    "talents": "1-2-2-1-3-1",
    "image": "ib.webp",
    "charm": ["atk speed", " chaos"]
  },
  {
    "hero": "bardin",
    "career": "iron breaker",
    "melee": "war pick",
    "meleeProps": ["block cost reduction", " crit chance", " swift slaying"],
    "range": "drakefire pistols",
    "rangeProps": ["infantry", " chaos", " barrage"],
    "talents": "1-1-2-2-2-1",
    "image": "ib.webp",
    "charm": ["atk speed", " chaos"]
  },
  {
    "hero": "bardin",
    "career": "iron breaker",
    "melee": "hammer",
    "meleeProps": ["block cost reduction", " stamina", " opportunist"],
    "range": "drakegun",
    "rangeProps": ["infantry", " chaos", " barrage"],
    "talents": "1-1-3-2-1-1",
    "image": "ib.webp",
    "charm": ["atk speed", " chaos"]
  },
  {
    "hero": "bardin",
    "career": "iron breaker",
    "melee": "dual hammers",
    "meleeProps": ["block cost reduction", " crit chance", " swift slaying"],
    "range": "handgun",
    "rangeProps": ["infantry", " chaos", " conservative shooter"],
    "talents": "1-2-2-2-2-1",
    "image": "ib.webp",
    "charm": ["atk speed", " chaos"]
  },
  {
    "hero": "bardin",
    "career": "slayer",
    "melee": "axe",
    "meleeProps": ["block cost reduction", " crit chance", " swift slaying"],
    "range": "great hammer",
    "rangeProps": ["attack speed", " crit chance", " swift slaying"],
    "talents": "1-3-1-3-2-1",
    "image": "slayer.webp",
    "charm": ["atk speed", " chaos"]
  },
  {
    "hero": "bardin",
    "career": "slayer",
    "melee": "dual hammers",
    "meleeProps": ["block cost reduction", " crit chance", " swift slaying"],
    "range": "war pick",
    "rangeProps": ["attack speed", " chaos", " swift slaying"],
    "talents": "1-3-1-3-2-2",
    "image": "slayer.webp",
    "charm": ["atk speed", " chaos"]
  },
  {
    "hero": "bardin",
    "career": "slayer",
    "melee": "axe",
    "meleeProps": ["block cost reduction", " crit chance", " swift slaying"],
    "range": "great axe",
    "rangeProps": ["attack speed", " crit chance", " swift slaying"],
    "talents": "1-3-1-3-2-3",
    "image": "slayer.webp",
    "charm": ["atk speed", " chaos"]
  },
  {
    "hero": "bardin",
    "career": "slayer",
    "melee": "great hammer",
    "meleeProps": ["attack speed", " crit chance", " swift slaying"],
    "range": "great axe",
    "rangeProps": ["block cost reduction", " crit chance", " swift slaying"],
    "talents": "1-2-1-2-2-1",
    "image": "slayer.webp",
    "charm": ["atk speed", " chaos"]
  },
  {
    "hero": "bardin",
    "career": "outcast engineer",
    "melee": "hammer",
    "meleeProps": ["stamina", " block cost reduction", " opportunist"],
    "range": "handgun",
    "rangeProps": ["chaos", " infantry", " conservative shooter"],
    "talents": "1-1-3-3-1-2",
    "image": "oe.webp",
    "charm": ["atk speed", " skaven"]
  },
  {
    "hero": "bardin",
    "career": "outcast engineer",
    "melee": "hammer and shield",
    "meleeProps": ["attack speed", " block cost reduction", " opportunist"],
    "range": "handgun",
    "rangeProps": ["crit chance", " skaven", " scrounger"],
    "talents": "1-1-3-2-2-2",
    "image": "oe.webp",
    "charm": ["chaos", " skaven"]
  },
  {
    "hero": "bardin",
    "career": "outcast engineer",
    "melee": "great hammer",
    "meleeProps": ["attack speed", " crit chance", " swift slaying"],
    "range": "torpedo",
    "rangeProps": ["chaos", " armored", " barrage"],
    "talents": "1-3-3-3-3-1",
    "image": "oe.webp",
    "charm": ["chaos", " skaven"]
  },
  {
    "hero": "saltzpyre",
    "career": "wich hunter",
    "melee": "flail",
    "meleeProps": ["block cost reduction", " crit chance", " swift slaying"],
    "range": "brace of pistols",
    "rangeProps": ["skaven", " crit chance", " scrounger"],
    "talents": "2-3-2-2-1-3",
    "image": "whc.webp",
    "charm": ["atk speed", " chaos"]
  },
  {
    "hero": "saltzpyre",
    "career": "wich hunter",
    "melee": "axe",
    "meleeProps": ["block cost reduction", " crit chance", " swift slaying"],
    "range": "brace of pistols",
    "rangeProps": ["skaven", " crit chance", " scrounger"],
    "talents": "1-2-2-1-2-3",
    "image": "whc.webp",
    "charm": ["armored", " chaos"]
  },
  {
    "hero": "saltzpyre",
    "career": "wich hunter",
    "melee": "greatsword",
    "meleeProps": ["block cost reduction", " crit chance", " swift slaying"],
    "range": "crossbow",
    "rangeProps": ["skaven", " infantry", " conservative shooter"],
    "talents": "2-3-2-2-2-2",
    "image": "whc.webp",
    "charm": ["atk speed", " chaos"]
  },
  {
    "hero": "saltzpyre",
    "career": "wich hunter",
    "melee": "bill hook",
    "meleeProps": ["stamina", " crit chance", " swift slaying"],
    "range": "crossbow",
    "rangeProps": ["skaven", " infantry", " conservative shooter"],
    "talents": "2-3-2-2-2-3",
    "image": "whc.webp",
    "charm": ["atk speed", " chaos"]
  },
  {
    "hero": "saltzpyre",
    "career": "bounty Hunter ",
    "melee": "rapier",
    "meleeProps": ["block cost reduction", " crit chance", " swift slaying"],
    "range": "griffon-foot",
    "rangeProps": ["skaven", "armored", "scrounger"],
    "talents": "1-1-2-1-3-2",
    "image": "bh.webp",
    "charm": ["Infantry", " chaos"]
},
{
  "hero": "saltzpyre",
  "career": "bounty Hunter ",
  "melee":"rapier",
  "meleeProps": ["block cost reduction", " crit chance", " swift slaying"],
  "range": "volley crossbow",
  "rangeProps": ["chaos", " monsters", " scrounger"],
  "talents": "1-3-3-3-3-3",
  "image": "bh.webp",
  "charm": ["monsters", " skaven"]
},
{
  "hero": "saltzpyre",
  "career": "bounty Hunter",
  "melee":"falchion",
  "meleeProps": ["block cost reduction", " crit chance", " swift slaying"],
  "range": "crossbow",
  "rangeProps": ["skaven", " infantry", " conservative shooter"],
  "talents": "1-3-3-1-3-3",
  "image": "bh.webp",
  "charm": ["infantry", " chaos"]
},
{
  "hero": "saltzpyre",
  "career": "bounty Hunter",
  "melee":"flail",
  "meleeProps": ["attack speed", " crit chance", " swift slaying"],
  "range": "repeater pistol",
  "rangeProps": ["skaven", "crit chance", "hunter"],
  "talents": "2-1-2-3-3-1",
  "image": "bh.webp",
  "charm": ["skaven", " armored"]
},
{
  "hero": "saltzpyre",
  "career": "zealot",
  "melee":"rapier",
  "meleeProps": ["block cost reduction", " stamina", " swift slaying"],
  "range": "volley crossbow",
  "rangeProps": ["skaven", " crit power", " scrounger"],
  "talents": "1-2-3-1-1-1",
  "image": "zealot.webp",
  "charm": ["chaos", " atk speed"]
},
{
  "hero": "saltzpyre",
  "career": "zealot",
  "melee":"axe",
  "meleeProps": ["stamina", " crit chance", " swift slaying"],
  "range": "griffon-foot",
  "rangeProps": ["skaven", " crit chance", " scrounger"],
  "talents": "2-1-1-2-1-1",
  "image": "zealot.webp",
  "charm": ["chaos", " atk speed"]
},
{
  "hero": "saltzpyre",
  "career": "zealot",
  "melee":"holy great hammer",
  "meleeProps": ["attack speed", " crit chance", " swift slaying"],
  "range": "crossbow",
  "rangeProps": ["skaven", " infantry", " conservative shooter"],
  "talents": "1-1-1-1-3-3",
  "image": "zealot.webp",
  "charm": ["chaos", " atk speed"]
},
{
  "hero": "saltzpyre",
  "career": "zealot",
  "melee":"dual hammers",
  "meleeProps": ["attack speed", " crit chance", " swift slaying"],
  "range": "crossbow",
  "rangeProps": ["skaven", " infantry", " conservative shooter"],
  "talents": "1-1-1-2-3-1",
  "image": "zealot.webp",
  "charm": ["chaos", " infantry"]
},
{
  "hero": "saltzpyre",
  "career": "warrior priest",
  "melee":"hammer",
  "meleeProps": ["block cost reduction", " crit chance", " swift slaying"],
  "range": "great hammer",
  "rangeProps": ["crit chance", " attack speed", " swift slaying"],
  "talents": "1-3-1-2-1-2",
  "image": "wp.webp",
  "charm": ["chaos", " atk speed"]
},
{
  "hero": "saltzpyre",
  "career": "warrior priest",
  "melee":"dual hammers",
  "meleeProps": ["block cost reduction", " crit chance", " swift slaying"],
  "range": "hammer and tome",
  "rangeProps": ["chaos", " attack speed", " swift slaying"],
  "talents": "1-3-1-1-2-1",
  "image": "wp.webp",
  "charm": ["chaos", " atk speed"]
},
{
  "hero": "saltzpyre",
  "career": "warrior priest",
  "melee":"hammer and shield",
  "meleeProps": ["block cost reduction", " stamina", " opportunist"],
  "range": "great hammer",
  "rangeProps": ["crit chance", " attack speed", " swift slaying"],
  "talents": "1-2-1-3-3-1",
  "image": "wp.webp",
  "charm": ["chaos", " atk speed"]
},
{
  "hero": "saltzpyre",
  "career": "warrior priest",
  "melee":"flail and shield",
  "meleeProps": ["crit chance", " attack speed", " swift slaying"],
  "range": "hammer and shield",
  "rangeProps": ["block cost reduction", " stamina", " opportunist"],
  "talents": "1-2-1-1-1-1",
  "image": "wp.webp",
  "charm": ["chaos", " atk speed"]
}

]
