[
  {
    "hero": "kerillian",
    "career": "waystalker",
    "melee": "sword and dagger",
    "meleeProps": ["block cost reduction", " crit chance", " swift slaying"],
    "range": "longbow",
    "rangeProps": ["skaven", " infantry", " conservative shooter"],
    "talents": "3-2-3-3-3-3",
    "image": "waystalker.webp",
    "charm": ["skaven", " chaos"]
  },
  {
    "hero": "kerillian",
    "career": "waystalker",
    "melee": "sword and dagger",
    "meleeProps": ["block cost reduction", " stamina", " swift slaying"],
    "range": "hagbane",
    "rangeProps": ["skaven", " infantry", " barrage"],
    "talents": "3-3-3-2-3-3",
    "image": "waystalker.webp",
    "charm": ["infantry", " chaos"]
  },
  {
    "hero": "kerillian",
    "career": "waystalker",
    "melee": "sword and dagger",
    "meleeProps": ["block cost reduction", " crit chance", " swift slaying"],
    "range": "swift bow",
    "rangeProps": ["skaven", " infantry", " barrage"],
    "talents": "3-2-3-2-3-3",
    "image": "waystalker.webp",
    "charm": ["skaven", " chaos"]
  },
  {
    "hero": "kerillian",
    "career": "handmaiden",
    "melee": "elven axe",
    "meleeProps": ["stamina", " block cost reduction", " parry"],
    "range": "moonbow",
    "rangeProps": ["skaven", " infantry", " hunter"],
    "talents": "1-1-3-3-2-1",
    "image": "handmaiden.webp",
    "charm": ["infantry", " skaven"]
  },
  {
    "hero": "kerillian",
    "career": "handmaiden",
    "melee": "two handed sword",
    "meleeProps": ["crit chance", " block cost reduction", " swift slaying"],
    "range": "javelins",
    "rangeProps": ["skaven", " infantry", " conservative shooter"],
    "talents": "1-3-1-1-1-3",
    "image": "handmaiden.webp",
    "charm": ["infantry", " chaos"]
  }
]