[
  {
    "hero": "kerillian",
    "career": "waystalker",
    "melee": "sword and dagger",
    "meleeProps": ["block cost reduction", " crit chance", " swift slaying"],
    "range": "longbow",
    "rangeProps": ["skaven", " infantry", " conservative shooter"],
    "talents": "3-2-3-3-3-3",
    "image": "waystalker.webp",
    "charm": ["skaven", " chaos"]
  },
  {
    "hero": "kerillian",
    "career": "waystalker",
    "melee": "sword and dagger",
    "meleeProps": ["block cost reduction", " stamina", " swift slaying"],
    "range": "hagbane",
    "rangeProps": ["skaven", " infantry", " barrage"],
    "talents": "3-3-3-2-3-3",
    "image": "waystalker.webp",
    "charm": ["infantry", " chaos"]
  },
  {
    "hero": "kerillian",
    "career": "waystalker",
    "melee": "sword and dagger",
    "meleeProps": ["block cost reduction", " crit chance", " swift slaying"],
    "range": "swift bow",
    "rangeProps": ["skaven", " infantry", " barrage"],
    "talents": "3-2-3-2-3-3",
    "image": "waystalker.webp",
    "charm": ["skaven", " chaos"]
  },
  {
    "hero": "kerillian",
    "career": "handmaiden",
    "melee": "elven axe",
    "meleeProps": ["stamina", " block cost reduction", " parry"],
    "range": "moonbow",
    "rangeProps": ["skaven", " infantry", " hunter"],
    "talents": "1-1-3-3-2-1",
    "image": "handmaiden.webp",
    "charm": ["infantry", " skaven"]
  },
  {
    "hero": "kerillian",
    "career": "handmaiden",
    "melee": "two handed sword",
    "meleeProps": ["crit chance", " block cost reduction", " swift slaying"],
    "range": "javelins",
    "rangeProps": ["skaven", " infantry", " conservative shooter"],
    "talents": "1-3-1-1-1-3",
    "image": "handmaiden.webp",
    "charm": ["infantry", " chaos"]
  },
  {
    "hero": "bardin",
    "career": "Ranger Veteran",
    "melee": "Hammer",
    "meleeProps": ["Block Cost Reduction", " Stamina", " Parry"],
    "range": "Masterwork Pistol",
    "rangeProps": [" Skaven", " Infantry", " Barrage"],
    "talents": "1-2-3-2-2-1",
    "image": "rv.webp",
    "charm": ["Skaven", "Chaos"]
  },
  {
    "hero": "bardin",
    "career": "Ranger Veteran",
    "melee": "Axe and Shield",
    "meleeProps": ["Block Cost Reduction", " Stamina", " Parry"],
    "range": "Crossbow",
    "rangeProps": [" Skaven", " Infantry", " Conservative Shooter"],
    "talents": "1-2-3-2-2-3",
    "image": "rv.webp",
    "charm": ["Skaven", "Infantry"]
  },
  {
    "hero": "bardin",
    "career": "Ranger Veteran",
    "melee": "Hammer",
    "meleeProps": ["Block Cost Reduction", " Stamina", " Parry"],
    "range": "Grudge-Raker",
    "rangeProps": [" Chaos", " Crit Chance", " Hunter"],
    "talents": "1-2-3-2-3-1",
    "image": "rv.webp",
    "charm": ["Infantry", "Chaos"]
  },
  {
    "hero": "bardin",
    "career": "Ranger Veteran",
    "melee": "Dual Hammer",
    "meleeProps": ["Block Cost Reduction", " Crit Chance", " swift slaying"],
    "range": "Grudge-Raker",
    "rangeProps": [" Chaos", " Crit Chance", " Scrounger"],
    "talents": "1-2-3-1-2-3",
    "image": "rv.webp",
    "charm": ["Infantry", "Chaos"]
  },
  {
    "hero": "bardin",
    "career": "Ranger Veteran",
    "melee": "Cog Hammer",
    "meleeProps": ["Block Cost Reduction", " Skaven", " swift slaying"],
    "range": "Masterwork Pistol",
    "rangeProps": [" Chaos", " Infantry", " Barrage"],
    "talents": "1-3-2-1-2-3",
    "image": "rv.webp",
    "charm": ["Armored", "Skaven"]
  },
  {
    "hero": "bardin",
    "career": "Ironbreaker",
    "melee": "Axe and Shield",
    "meleeProps": ["Block Cost Reduction", " Stamina", " Parry"],
    "range": "Trollhammer Torpedo",
    "rangeProps": [" Chaos", " Monsters", " Hunter"],
    "talents": "1-2-3-2-1-1",
    "image": "ib.webp",
    "charm": ["Chaos", "Monsters"]
  },
  {
    "hero": "bardin",
    "career": "Ironbreaker",
    "melee": "Dual Hammers",
    "meleeProps": ["Block Cost Reduction", " Crit Chance", " swift slaying"],
    "range": "Drakegun",
    "rangeProps": [" Chaos", " Infantry", " Barrage"],
    "talents": "1-1-3-2-1-1",
    "image": "ib.webp",
    "charm": ["Infantry", "Chaos"]
  },
  {
    "hero": "bardin",
    "career": "Ironbreaker",
    "melee": "Hammer",
    "meleeProps": ["Block Cost Reduction", " Stamina", " Parry"],
    "range": "Drakefire Pistols",
    "rangeProps": [" Chaos", " Armored", " Thermal Equalizer"],
    "talents": "1-1-3-2-1-1",
    "image": "ib.webp",
    "charm": ["Chaos", "Armored"]
  },
  {
    "hero": "bardin",
    "career": "Ironbreaker",
    "melee": "Great Axe",
    "meleeProps": ["Block Cost Reduction", " Crit Chance", " swift slaying"],
    "range": "handgun",
    "rangeProps": [" chaos", " Infantry", " Conservative Shooter"],
    "talents": "3-2-1-1-2-1",
    "image": "ib.webp",
    "charm": ["Infantry", "Chaos"]
  },
  {
    "hero": "bardin",
    "career": "Slayer",
    "melee": "Great Axe",
    "meleeProps": ["Attack Speed", " Crit Chance", " swift slaying"],
    "range": "Cog Hammer",
    "rangeProps": [" Chaos", " Attack Speed", " swift slaying"],
    "talents": "2-2-2-2-1-1",
    "image": "slayer.webp",
    "charm": ["Infantry", "Chaos"]
  },
  {
    "hero": "bardin",
    "career": "Slayer",
    "melee": "Dual Axes",
    "meleeProps": ["Block Cost Reduction", " Chaos", " swift slaying"],
    "range": "Cog Hammer",
    "rangeProps": [" Chaos", " Crit Chance", " swift slaying"],
    "talents": "2-3-2-3-1-1",
    "image": "slayer.webp",
    "charm": ["Infantry", "Chaos"]
  },
  {
    "hero": "bardin",
    "career": "Slayer",
    "melee": "Axe",
    "meleeProps": ["Attack Speed", " Crit Chance", " swift slaying"],
    "range": "Dual Axes",
    "rangeProps": [" Block Cost Reduction", " stamina", " swift slaying"],
    "talents": "1-1-1-3-2-1",
    "image": "slayer.webp",
    "charm": ["Infantry", "Chaos"]
  },
  {
    "hero": "bardin",
    "career": "Slayer",
    "melee": "War Pick",
    "meleeProps": ["Attack Speed", " Crit Chance", " swift slaying"],
    "range": "Dual Axes",
    "rangeProps": [" Block Cost Reduction", " stamina", " swift slaying"],
    "talents": "2-3-2-2-2-1",
    "image": "slayer.webp",
    "charm": ["Attack Speed", "Chaos"]
  },
  {
    "hero": "bardin",
    "career": "Outcast Engineer",
    "melee": "Dual Hammers",
    "meleeProps": ["Block Cost Reduction", " Crit Chance", " swift slaying"],
    "range": "Masterwork Pistol",
    "rangeProps": [" Skaven", " Infantry", " Barrage"],
    "talents": "1-2-3-2-1-3",
    "image": "oe.webp",
    "charm": ["Skaven", " Infantry"]
  },
  {
    "hero": "bardin",
    "career": "Outcast Engineer",
    "melee": "Dual Hammers",
    "meleeProps": ["Block Cost Reduction", " Attack Speed", " Opportunist"],
    "range": "Grudge-Raker",
    "rangeProps": [" Chaos", " Crit Chance", " Scrounger"],
    "talents": "1-2-3-2-3-1",
    "image": "oe.webp",
    "charm": ["Skaven", " Infantry"]
  },
  {
    "hero": "bardin",
    "career": "Outcast Engineer",
    "melee": "Hammer",
    "meleeProps": ["Block Cost Reduction", " Stamina", " Parry"],
    "range": "Handgun",
    "rangeProps": [" Chaos", " Infantry", " Conservative Shooter"],
    "talents": "1-2-3-2-1-2",
    "image": "oe.webp",
    "charm": ["Attack Speed", " Infantry"]
  },
  {
    "hero": "bardin",
    "career": "Outcast Engineer",
    "melee": "Axe and Shield",
    "meleeProps": ["Block Cost Reduction", " Stamina", " Parry"],
    "range": "Trollhammer Torpedo",
    "rangeProps": [" Skaven", " Monsters", " Barrage"],
    "talents": "1-2-3-2-1-2",
    "image": "oe.webp",
    "charm": ["Chaos", " Infantry"]
  }
]